{
    "name": "root",
    "gauges": {
        "CarAgent.Policy.Entropy.mean": {
            "value": 0.9408573508262634,
            "min": 0.9240641593933105,
            "max": 0.9688249826431274,
            "count": 50
        },
        "CarAgent.Policy.Entropy.sum": {
            "value": 47122.83984375,
            "min": 45810.046875,
            "max": 48581.32421875,
            "count": 50
        },
        "CarAgent.Step.mean": {
            "value": 2499904.0,
            "min": 49760.0,
            "max": 2499904.0,
            "count": 50
        },
        "CarAgent.Step.sum": {
            "value": 2499904.0,
            "min": 49760.0,
            "max": 2499904.0,
            "count": 50
        },
        "CarAgent.Policy.ExtrinsicValueEstimate.mean": {
            "value": -1.230555772781372,
            "min": -2.00972580909729,
            "max": 0.21291285753250122,
            "count": 50
        },
        "CarAgent.Policy.ExtrinsicValueEstimate.sum": {
            "value": -92.29168701171875,
            "min": -156.7586212158203,
            "max": 15.116812705993652,
            "count": 50
        },
        "CarAgent.Policy.CuriosityValueEstimate.mean": {
            "value": 0.0008776203030720353,
            "min": 0.0005117623950354755,
            "max": 0.018475821241736412,
            "count": 50
        },
        "CarAgent.Policy.CuriosityValueEstimate.sum": {
            "value": 0.06582152098417282,
            "min": 0.03735865652561188,
            "max": 1.4226382970809937,
            "count": 50
        },
        "CarAgent.Environment.EpisodeLength.mean": {
            "value": 3038.0,
            "min": 2191.1363636363635,
            "max": 5272.8,
            "count": 50
        },
        "CarAgent.Environment.EpisodeLength.sum": {
            "value": 45570.0,
            "min": 45570.0,
            "max": 54033.0,
            "count": 50
        },
        "CarAgent.Environment.CumulativeReward.mean": {
            "value": -4.146494166056315,
            "min": -14.54737310824187,
            "max": 28.982240390777587,
            "count": 50
        },
        "CarAgent.Environment.CumulativeReward.sum": {
            "value": -62.19741249084473,
            "min": -334.589581489563,
            "max": 289.8224039077759,
            "count": 50
        },
        "CarAgent.Policy.ExtrinsicReward.mean": {
            "value": -4.146494166056315,
            "min": -14.54737310824187,
            "max": 28.982240390777587,
            "count": 50
        },
        "CarAgent.Policy.ExtrinsicReward.sum": {
            "value": -62.19741249084473,
            "min": -334.589581489563,
            "max": 289.8224039077759,
            "count": 50
        },
        "CarAgent.Policy.CuriosityReward.mean": {
            "value": 0.038316471866952875,
            "min": 0.0,
            "max": 0.6528922709134909,
            "count": 50
        },
        "CarAgent.Policy.CuriosityReward.sum": {
            "value": 0.5747470780042931,
            "min": 0.0,
            "max": 8.487599521875381,
            "count": 50
        },
        "CarAgent.IsTraining.mean": {
            "value": 1.0,
            "min": 1.0,
            "max": 1.0,
            "count": 50
        },
        "CarAgent.IsTraining.sum": {
            "value": 1.0,
            "min": 1.0,
            "max": 1.0,
            "count": 50
        },
        "CarAgent.Losses.PolicyLoss.mean": {
            "value": 0.049916404445432314,
            "min": 0.045747399414005706,
            "max": 0.050387010192356016,
            "count": 49
        },
        "CarAgent.Losses.PolicyLoss.sum": {
            "value": 0.049916404445432314,
            "min": 0.045747399414005706,
            "max": 0.050387010192356016,
            "count": 49
        },
        "CarAgent.Losses.ValueLoss.mean": {
            "value": 2.001897729705183,
            "min": 0.8494007375942269,
            "max": 2.415620091205988,
            "count": 49
        },
        "CarAgent.Losses.ValueLoss.sum": {
            "value": 2.001897729705183,
            "min": 0.8494007375942269,
            "max": 2.415620091205988,
            "count": 49
        },
        "CarAgent.Policy.LearningRate.mean": {
            "value": 1.2882587118400047e-06,
            "min": 1.2882587118400047e-06,
            "max": 9.797960202040003e-05,
            "count": 49
        },
        "CarAgent.Policy.LearningRate.sum": {
            "value": 1.2882587118400047e-06,
            "min": 1.2882587118400047e-06,
            "max": 9.797960202040003e-05,
            "count": 49
        },
        "CarAgent.Policy.Epsilon.mean": {
            "value": 0.10128815999999997,
            "min": 0.10128815999999997,
            "max": 0.1979796,
            "count": 49
        },
        "CarAgent.Policy.Epsilon.sum": {
            "value": 0.10128815999999997,
            "min": 0.10128815999999997,
            "max": 0.1979796,
            "count": 49
        },
        "CarAgent.Policy.Beta.mean": {
            "value": 0.0001386871840000005,
            "min": 0.0001386871840000005,
            "max": 0.009798162039999999,
            "count": 49
        },
        "CarAgent.Policy.Beta.sum": {
            "value": 0.0001386871840000005,
            "min": 0.0001386871840000005,
            "max": 0.009798162039999999,
            "count": 49
        },
        "CarAgent.Losses.CuriosityForwardLoss.mean": {
            "value": 0.00011173999179418944,
            "min": 0.00011173999179418944,
            "max": 0.044666709706225265,
            "count": 49
        },
        "CarAgent.Losses.CuriosityForwardLoss.sum": {
            "value": 0.00011173999179418944,
            "min": 0.00011173999179418944,
            "max": 0.044666709706225265,
            "count": 49
        },
        "CarAgent.Losses.CuriosityInverseLoss.mean": {
            "value": 1.0102515607089265e-06,
            "min": 4.4142941898631503e-07,
            "max": 0.09204822673421652,
            "count": 49
        },
        "CarAgent.Losses.CuriosityInverseLoss.sum": {
            "value": 1.0102515607089265e-06,
            "min": 4.4142941898631503e-07,
            "max": 0.09204822673421652,
            "count": 49
        }
    },
    "metadata": {
        "timer_format_version": "0.1.0",
        "start_time_seconds": "1746721263",
        "python_version": "3.9.18 (main, Feb 20 2025, 16:19:38) \n[Clang 16.0.0 (clang-1600.0.26.6)]",
        "command_line_arguments": "/Users/matthewprivitera/.local/share/virtualenvs/config-EXXD13fs/bin/mlagents-learn config_single.yaml --run-id=Racecar_Obstacle1_LR1e-4_Beta0.1_Difficulty++ --initialize-from=Racecar_Obstacle1_LR1e-4_Beta0.1",
        "mlagents_version": "0.30.0",
        "mlagents_envs_version": "0.30.0",
        "communication_protocol_version": "1.5.0",
        "pytorch_version": "1.11.0",
        "numpy_version": "1.21.2",
        "end_time_seconds": "1746731701"
    },
    "total": 10440.128947750001,
    "count": 1,
    "self": 0.006402459001037641,
    "children": {
        "run_training.setup": {
            "total": 0.019687624999999986,
            "count": 1,
            "self": 0.019687624999999986
        },
        "TrainerController.start_learning": {
            "total": 10440.102857666001,
            "count": 1,
            "self": 17.519775188271524,
            "children": {
                "TrainerController._reset_env": {
                    "total": 13.698893584,
                    "count": 1,
                    "self": 13.698893584
                },
                "TrainerController.advance": {
                    "total": 10408.85430560173,
                    "count": 2500654,
                    "self": 18.36548298949492,
                    "children": {
                        "env_step": {
                            "total": 9643.506174739818,
                            "count": 2500654,